Workbook

Sheet PHÂN CÔNG — 1 TRANG
A1: MỘT TRANG DUY NHẤT — xếp theo Tuần 1→8. CỔNG G-A (cuối T2): một đơn chạy hết chuỗi bằng cầu đánh dấu-đã-trả, không nhờ dữ liệu mẫu. CỔNG G-B (T8): bảng 16 chỉ số đạt + SEPay sandbox + 3 màn diễn tập. Quy tắc chọn việc: một thư mục FE — một tuần — một người; bắt tay qua hợp đồng API/event, không sửa file của nhau (xem bảng cuối sheet). SRS: documentation/project/requirements/ 09·12·13.
A2: STT | B2: Tuần | C2: Nhóm | D2: Chức năng / hạng mục | E2: Actor | F2: MÀN HÌNH FE | G2: Cụ thể — làm gì | H2: Mã & ràng buộc (FR · BR · NFR) | I2: Người phụ trách | J2: Tiến độ | K2: AC — nghiệm thu (kiểm là ra)
A3: 1 | B3: 1 | C3: Nền | D3: Thống nhất hợp đồng API và nền móng repo chung | E3: Cả nhóm | F3: — (toàn repo) | G3: OpenAPI khóa DTO + tên event; quy ước features/<F>/; compose 4 máy liên thông; đổi schema sửa hợp đồng trước | H3: RUN-01 | J3: Chưa làm | K3: AC01: openapi.yaml có Order/Quote/Job/Slot/event; AC02: docker compose up — 2 máy khác nhau gọi lẫn nhau thành công
A4: 2 | B4: 1 | C4: Nền | D4: Gỡ toàn bộ dữ liệu mẫu khỏi hệ thống | E4: Cả nhóm | F4: đăng nhập, trang đơn | G4: Xóa seeder khởi động (26/09 xong); wipe DB; chip số bịa ở login đã bỏ, giữ 3D | H4: RUN-02 | J4: Chưa làm | K4: AC01: DB trắng sau wipe, đăng ký mới → mọi số trên UI từ API; AC02: grep "128|DemoDataSeeder" = 0
A5: 3 | B5: 1 | C5: S8 | D5: Tính đúng kích thước, thể tích, lỗi của mô hình in 3D | E5: Hệ thống | F5: thư viện model · đơn-config (thông số) | G5: Tải file từ MinIO gọi parser có sẵn: bbox ±0,1 mm, thể tích, kín/multi-edge; bỏ tính từ dung lượng | H5: FR-SCHED-001 · BR-ESTIM-001 · PERF-001 | J5: Chưa làm | K5: AC01: cube 10 mm → bbox 10×10×10; AC02: file rỗng/rác → báo lỗi chỉ rõ nguyên nhân; AC03: <10 giây
A6: 4 | B6: 1 | C6: S8 | D6: Ước lượng thời gian in và vật liệu tiêu hao | E6: Hệ thống | F6: đơn-config (trạng thái xử lý) | G6: Heuristic từ phân tích + cấu hình in; async có progress; cờ "chưa hiệu chuẩn" | H6: FR-SCHED-002 · BR-ESTIM-004 · PERF-001 | J6: Chưa làm | K6: AC01: đổi layer 0.2→0.1 ⇒ thời gian tăng; AC02: 20 MB có kết quả ≤60 giây, UI có tiến trình
A7: 5 | B7: 1 | C7: S1 | D7: Bảng người dùng và phân quyền thật thay hardcode | E7: Admin | F7: đăng nhập/đăng ký (redirect theo vai) | G7: users/roles thay email hardcode; JWT claim từ DB; migration chạy trên DB trống | H7: FR-ADMIN-001a · BR-ACCESS-005 | J7: Chưa làm | K7: AC01: tạo user Lab trong DB → login vào đúng trang Lab; AC02: DemoRoles.cs không còn tham chiếu
A8: 6 | B8: 1 | C8: S1 | D8: Xác minh email khi khách đăng ký | E8: Khách hàng | F8: đăng ký · chốt đơn | G8: Cờ Verified + link token; chưa xác thực ⇒ chặn đặt đơn; resend chặn spam | H8: FR-CUST-001a · BR-ACCESS-001 | J8: Chưa làm | K8: AC01: tài khoản chưa verify bấm đặt đơn → cảnh dẫn đường dây; AC02: click link → đặt được
A9: 7 | B9: 1 | C9: S3 | D9: Kiểm tra và báo sớm mô hình không in được | E9: Khách hàng | F9: thư viện model · đơn-config | G9: Liệt lỗi từng chi tiết; vượt khổ mọi máy ⇒ chặn trước báo giá | H9: FR-CUST-004 · BR-QUOTE-006 · REL-005 | J9: Chưa làm | K9: AC01: model 400 mm → không bấm được "Lấy báo giá"; AC02: thông báo nêu khổ lớn nhất mạng
A10: 8 | B10: 2 | C10: S8 | D10: Báo giá với ngày giao tính theo lịch máy thực tế | E10: Hệ thống | F10: đơn-config (chip kết quả) | G10: Báo giá chạy thử xếp lịch không ghi slot; tải khác ⇒ ngày khác; không lab ⇒ từ chối; gấp ⇒ phí | H10: FR-SCHED-005 · BR-QUOTE-002, SCHED-001 · PERF-001 | J10: Chưa làm | K10: AC01: dựng 2 lab trống vs đầy ⇒ 2 ngày khác nhau; AC02: ngày in lại ≠ hằng số +3; AC03: ≤60 giây
A11: 9 | B11: 2 | C11: S8 | D11: Định giá thống nhất, khóa phiên bản bảng giá vào báo giá | E11: Hệ thống | F11: admin/cấu hình giá (T4 hiển thị) | G11: Giá = vật liệu + giờ máy + gia công + hub + ship từ kỳ giá; quote lưu mã kỳ | H11: FR-SCHED-010 · BR-QUOTE-001..004 · MAINT-005 | J11: Chưa làm | K11: AC01: tổng breakdown = giá; AC02: đổi giá xong báo giá cũ tính lại giữ nguyên; AC03: cùng cấu hình ⇒ cùng giá
A12: 10 | B12: 2 | C12: S8 | D12: Chia đơn thành công việc in, xếp lịch không chồng chéo | E12: Hệ thống | F12: — (engine) · lab queue thấy kết quả | G12: Job từ quote_items + phân tích; slot chống chồng (EXCLUDE/lock); due lùi từ ngày giao | H12: FR-SCHED-006 · BR-SCHED-001..004 · REL-004 | J12: Chưa làm | K12: AC01: 10 worker đặt song song ⇒ 0 slot chồng; AC02: job có due ≤ ngày giao trừ hub+ship; AC03: bỏ hằng số demo 120³
A13: 11 | B13: 2 | C13: S4 | D13: Xác nhận đơn hàng kèm điều khoản sử dụng | E13: Khách hàng | F13: đơn-config (bước cuối) | G13: Tick T&C mới đặt; địa chỉ từ danh bạ; đơn + báo giá một giao dịch | H13: FR-CUST-007 · BR-QUOTE-003, PAY-001 | J13: Chưa làm | K13: AC01: không tick ⇒ nút disable; AC02: báo giá hết hạn ⇒ không tạo đơn
A14: 12 | B14: 2 | C14: S4 | D14: Chế độ tạm: vận hành xác nhận đã thu tiền để đơn chạy tiếp | E14: Quản trị mạng | F14: ops/đơn hàng | G14: API chỉ ops/admin + lý do + audit; khách không tự đánh dấu; xóa khi SEPay xong | H14: FR-CUST-008b · BR-PAY-001 | J14: Chưa làm | K14: AC01: mark-paid ⇒ đơn vào engine; AC02: khách gọi API này ⇒ 403; AC03: audit có dòng ghi lý do
... A55: 53 | B55: 8 | C55: S10 | D55: Báo cáo đánh giá kết quả thuật toán | E55: Nhóm Engine | F55: — | G55: Bảng + biểu đồ từ RUN-06; số trace về lần chạy + hạt giống; giới hạn | H55: RUN-10 · BR-OPS-008 · TEST-003 | J55: Chưa làm | K55: AC01: mỗi con số chú thích seed + ngày chạy
A56: 54 | B56: — | C56: S3 | D56: Nhóm cắt khi phình | E56: — | F56: admin/sức-khỏe · engine/gom-lô · engine/công-bằng | G56: Sức khỏe tiến trình (nếu C3 chốt làm runbook), gom lô, exploration công bằng, i18n | H56: BỎ-01 · BR-SCHED-002/003, ASSIGN-007 | J56: Chưa làm | K56: AC01: chỉ làm khi cả 4 cổng tuần 1–6 đậu đúng hạn
D57: 54 dòng công việc | K57: Lượng việc nằm trong chữ "Cụ thể"; quy đổi ngày công (ẩn): tổng ≈ 172d vs trần 4 người × 8 tuần ≈ 128–160d ⇒ cắt đúng nhóm BỎ-01/Nên-làm khi bất kỳ cổng tuần nào trễ
D59: TÓM TẮT MÀN HÌNH FE — một màn một chủ trong một tuần
D60: Màn hình | E60: Chủ folder | F60: FR có mặt ở đây | G60: Tuần
D61: đăng nhập / đăng ký (3D giữ, số bịa bỏ) | E61: Nền tảng | F61: CUST-001 | G61: 1, 4
D62: trang chủ | E62: Nền tảng | F62: (sống /network/stats) | G62: đã có
D63: khách: thư viện · tải file · xem trước · hồ sơ-địa chỉ | E63: Đơn hàng & Cam kết | F63: CUST-002,003,010 + địa chỉ | G63: 1, 3, 5
D64: khách: đơn-config (cấu hình → báo giá → xác nhận) | E64: Đơn hàng–Thanh toán | F64: CUST-004..007 (+ chip kết quả của Engine) | G64: 2
D65: khách: thanh toán SEPay | E65: Đơn hàng–Thanh toán | F65: CUST-008 + cầu T2 | G65: 2 (cầu) → 7 (thật)
D66: khách: đơn hàng + timeline + khiếu nại | E66: Cam kết & Thông báo | F66: CUST-009, 011 | G66: 2, 3
D67: lab: đăng ký · máy · kho · hàng đợi job · hàng đợi in · dòng thời gian · điểm | E67: Xưởng in | F67: LAB-001..007 | G67: 2, 3, 4
D68: hub: nhận lô · kiểm hàng · hoàn tất (gộp/pack/ship/giao) | E68: Hub | F68: HUB-001..005 | G68: 2, 3
D69: ops: monitor · hạch-thực-gán · ghi-lại · hoàn-tiền · báo-cáo-SLA | E69: 3 chủ tách thư mục: Engine (gán lại) / Đơn hàng (hoàn tiền) / Hub (báo cáo) | F69: ANAL-001..005 + SCHED-009 | G69: 2, 3, 4, 6, 7
D70: admin: người-dùng · cấu-hình · danh-mục · bộ-kiểm · nhật-ký · duyệt-lab | E70: Nền tảng | F70: ADMIN-001..005 + LAB-001 duyệt | G70: 1, 4

Sheet Tải 4 người
A1: Tên | B1: Tổng số việc đã nhận | C1: T1 | D1: T2 | E1: T3 | F1: T4 | G1: T5 | H1: T6 | I1: T7 | J1: T8
A2: Tân | B2: =SUM(C2:J2) | C2: =COUNTIFS('PHÂN CÔNG — 1 TRANG'!$I:$I,$A2,'PHÂN CÔNG — 1 TRANG'!$B:$B,1) | D2: =COUNTIFS('PHÂN CÔNG — 1 TRANG'!$I:$I,$A2,'PHÂN CÔNG — 1 TRANG'!$B:$B,2) | E2: =COUNTIFS('PHÂN CÔNG — 1 TRANG'!$I:$I,$A2,'PHÂN CÔNG — 1 TRANG'!$B:$B,3) | F2: =COUNTIFS('PHÂN CÔNG — 1 TRANG'!$I:$I,$A2,'PHÂN CÔNG — 1 TRANG'!$B:$B,4) | G2: =COUNTIFS('PHÂN CÔNG — 1 TRANG'!$I:$I,$A2,'PHÂN CÔNG — 1 TRANG'!$B:$B,5) | H2: =COUNTIFS('PHÂN CÔNG — 1 TRANG'!$I:$I,$A2,'PHÂN CÔNG — 1 TRANG'!$B:$B,6) | I2: =COUNTIFS('PHÂN CÔNG — 1 TRANG'!$I:$I,$A2,'PHÂN CÔNG — 1 TRANG'!$B:$B,7) | J2: =COUNTIFS('PHÂN CÔNG — 1 TRANG'!$I:$I,$A2,'PHÂN CÔNG — 1 TRANG'!$B:$B,8)
A3: Minh | B3: =SUM(C3:J3) | C3: =COUNTIFS('PHÂN CÔNG — 1 TRANG'!$I:$I,$A3,'PHÂN CÔNG — 1 TRANG'!$B:$B,1) | D3: =COUNTIFS('PHÂN CÔNG — 1 TRANG'!$I:$I,$A3,'PHÂN CÔNG — 1 TRANG'!$B:$B,2) | E3: =COUNTIFS('PHÂN CÔNG — 1 TRANG'!$I:$I,$A3,'PHÂN CÔNG — 1 TRANG'!$B:$B,3) | F3: =COUNTIFS('PHÂN CÔNG — 1 TRANG'!$I:$I,$A3,'PHÂN CÔNG — 1 TRANG'!$B:$B,4) | G3: =COUNTIFS('PHÂN CÔNG — 1 TRANG'!$I:$I,$A3,'PHÂN CÔNG — 1 TRANG'!$B:$B,5) | H3: =COUNTIFS('PHÂN CÔNG — 1 TRANG'!$I:$I,$A3,'PHÂN CÔNG — 1 TRANG'!$B:$B,6) | I3: =COUNTIFS('PHÂN CÔNG — 1 TRANG'!$I:$I,$A3,'PHÂN CÔNG — 1 TRANG'!$B:$B,7) | J3: =COUNTIFS('PHÂN CÔNG — 1 TRANG'!$I:$I,$A3,'PHÂN CÔNG — 1 TRANG'!$B:$B,8)
A4: Nhật | B4: =SUM(C4:J4) | C4: =COUNTIFS('PHÂN CÔNG — 1 TRANG'!$I:$I,$A4,'PHÂN CÔNG — 1 TRANG'!$B:$B,1) | D4: =COUNTIFS('PHÂN CÔNG — 1 TRANG'!$I:$I,$A4,'PHÂN CÔNG — 1 TRANG'!$B:$B,2) | E4: =COUNTIFS('PHÂN CÔNG — 1 TRANG'!$I:$I,$A4,'PHÂN CÔNG — 1 TRANG'!$B:$B,3) | F4: =COUNTIFS('PHÂN CÔNG — 1 TRANG'!$I:$I,$A4,'PHÂN CÔNG — 1 TRANG'!$B:$B,4) | G4: =COUNTIFS('PHÂN CÔNG — 1 TRANG'!$I:$I,$A4,'PHÂN CÔNG — 1 TRANG'!$B:$B,5) | H4: =COUNTIFS('PHÂN CÔNG — 1 TRANG'!$I:$I,$A4,'PHÂN CÔNG — 1 TRANG'!$B:$B,6) | I4: =COUNTIFS('PHÂN CÔNG — 1 TRANG'!$I:$I,$A4,'PHÂN CÔNG — 1 TRANG'!$B:$B,7) | J4: =COUNTIFS('PHÂN CÔNG — 1 TRANG'!$I:$I,$A4,'PHÂN CÔNG — 1 TRANG'!$B:$B,8)
A5: Tuấn | B5: =SUM(C5:J5) | C5: =COUNTIFS('PHÂN CÔNG — 1 TRANG'!$I:$I,$A5,'PHÂN CÔNG — 1 TRANG'!$B:$B,1) | D5: =COUNTIFS('PHÂN CÔNG — 1 TRANG'!$I:$I,$A5,'PHÂN CÔNG — 1 TRANG'!$B:$B,2) | E5: =COUNTIFS('PHÂN CÔNG — 1 TRANG'!$I:$I,$A5,'PHÂN CÔNG — 1 TRANG'!$B:$B,3) | F5: =COUNTIFS('PHÂN CÔNG — 1 TRANG'!$I:$I,$A5,'PHÂN CÔNG — 1 TRANG'!$B:$B,4) | G5: =COUNTIFS('PHÂN CÔNG — 1 TRANG'!$I:$I,$A5,'PHÂN CÔNG — 1 TRANG'!$B:$B,5) | H5: =COUNTIFS('PHÂN CÔNG — 1 TRANG'!$I:$I,$A5,'PHÂN CÔNG — 1 TRANG'!$B:$B,6) | I5: =COUNTIFS('PHÂN CÔNG — 1 TRANG'!$I:$I,$A5,'PHÂN CÔNG — 1 TRANG'!$B:$B,7) | J5: =COUNTIFS('PHÂN CÔNG — 1 TRANG'!$I:$I,$A5,'PHÂN CÔNG — 1 TRANG'!$B:$B,8)
A7: MẸO | B7: Lọc cột "Người phụ trách" ở trang chính để thấy exactly việc của mình theo tuần; ai nhận quá 16 dòng thì san bớt dòng "Nên làm" cho người dưới 10.
